-,Item Description,Pen Type,Need Date,Needed Qty,Yield,Cost ($),Lead Time (d),Build Qty,Build Cost
20001,Fine Point Pen,Fine Point Pen,45658,50,95,1,5,52.5,52.5
20001,Fine Point Pen,Fine Point Pen,45689,50,95,1,5,52.5,52.5
20001,Fine Point Pen,Fine Point Pen,45717,50,95,1,5,52.5,52.5
20001,Fine Point Pen,Fine Point Pen,45748,50,95,1,5,52.5,52.5
20001,Fine Point Pen,Fine Point Pen,45778,50,95,1,5,52.5,52.5
20001,Fine Point Pen,Fine Point Pen,45809,50,95,1,5,52.5,52.5
20001,Fine Point Pen,Fine Point Pen,45839,50,95,1,5,52.5,52.5
20001,Fine Point Pen,Fine Point Pen,45870,50,95,1,5,52.5,52.5
20001,Fine Point Pen,Fine Point Pen,45901,50,95,1,5,52.5,52.5
20001,Fine Point Pen,Fine Point Pen,45931,50,95,1,5,52.5,52.5
20001,Fine Point Pen,Fine Point Pen,45962,50,95,1,5,52.5,52.5
20001,Fine Point Pen,Fine Point Pen,45992,50,95,1,5,52.5,52.5
20001,Fine Point Pen,Fine Point Pen,46023,50,95,1,5,52.5,52.5
20001,Fine Point Pen,Fine Point Pen,46054,50,95,1,5,52.5,52.5
20001,Fine Point Pen,Fine Point Pen,46082,50,95,1,5,52.5,52.5
20001,Fine Point Pen,Fine Point Pen,46113,50,95,1,5,52.5,52.5
20001,Fine Point Pen,Fine Point Pen,46143,50,95,1,5,52.5,52.5
20001,Fine Point Pen,Fine Point Pen,46174,50,95,1,5,52.5,52.5
20001,Fine Point Pen,Fine Point Pen,46204,50,95,1,5,52.5,52.5
20001,Fine Point Pen,Fine Point Pen,46235,50,95,1,5,52.5,52.5
20001,Fine Point Pen,Fine Point Pen,46266,50,95,1,5,52.5,52.5
20001,Fine Point Pen,Fine Point Pen,46296,50,95,1,5,52.5,52.5
20001,Fine Point Pen,Fine Point Pen,46327,50,95,1,5,52.5,52.5
20001,Fine Point Pen,Fine Point Pen,46357,50,95,1,5,52.5,52.5
30001,Medium Point Pen,Medium Point Pen,45658,150,95,1.2,5,157.5,189
30001,Medium Point Pen,Medium Point Pen,45689,150,95,1.2,5,157.5,189
30001,Medium Point Pen,Medium Point Pen,45717,150,95,1.2,5,157.5,189
30001,Medium Point Pen,Medium Point Pen,45748,150,95,1.2,5,157.5,189
30001,Medium Point Pen,Medium Point Pen,45778,150,95,1.2,5,157.5,189
30001,Medium Point Pen,Medium Point Pen,45809,150,95,1.2,5,157.5,189
30001,Medium Point Pen,Medium Point Pen,45839,150,95,1.2,5,157.5,189
30001,Medium Point Pen,Medium Point Pen,45870,150,95,1.2,5,157.5,189
30001,Medium Point Pen,Medium Point Pen,45901,150,95,1.2,5,157.5,189
30001,Medium Point Pen,Medium Point Pen,45931,150,95,1.2,5,157.5,189
30001,Medium Point Pen,Medium Point Pen,45962,150,95,1.2,5,157.5,189
30001,Medium Point Pen,Medium Point Pen,45992,150,95,1.2,5,157.5,189
30001,Medium Point Pen,Medium Point Pen,46023,150,95,1.2,5,157.5,189
30001,Medium Point Pen,Medium Point Pen,46054,150,95,1.2,5,157.5,189
30001,Medium Point Pen,Medium Point Pen,46082,150,95,1.2,5,157.5,189
30001,Medium Point Pen,Medium Point Pen,46113,150,95,1.2,5,157.5,189
30001,Medium Point Pen,Medium Point Pen,46143,150,95,1.2,5,157.5,189
30001,Medium Point Pen,Medium Point Pen,46174,150,95,1.2,5,157.5,189
30001,Medium Point Pen,Medium Point Pen,46204,150,95,1.2,5,157.5,189
30001,Medium Point Pen,Medium Point Pen,46235,150,95,1.2,5,157.5,189
30001,Medium Point Pen,Medium Point Pen,46266,150,95,1.2,5,157.5,189
30001,Medium Point Pen,Medium Point Pen,46296,150,95,1.2,5,157.5,189
30001,Medium Point Pen,Medium Point Pen,46327,150,95,1.2,5,157.5,189
30001,Medium Point Pen,Medium Point Pen,46357,150,95,1.2,5,157.5,189
40001,Bold Point Pen,Bold Point Pen,45658,75,95,1.5,5,78.75,118.125
40001,Bold Point Pen,Bold Point Pen,45689,75,95,1.5,5,78.75,118.125
40001,Bold Point Pen,Bold Point Pen,45717,75,95,1.5,5,78.75,118.125
40001,Bold Point Pen,Bold Point Pen,45748,75,95,1.5,5,78.75,118.125
40001,Bold Point Pen,Bold Point Pen,45778,75,95,1.5,5,78.75,118.125
40001,Bold Point Pen,Bold Point Pen,45809,75,95,1.5,5,78.75,118.125
40001,Bold Point Pen,Bold Point Pen,45839,75,95,1.5,5,78.75,118.125
40001,Bold Point Pen,Bold Point Pen,45870,75,95,1.5,5,78.75,118.125
40001,Bold Point Pen,Bold Point Pen,45901,75,95,1.5,5,78.75,118.125
40001,Bold Point Pen,Bold Point Pen,45931,75,95,1.5,5,78.75,118.125
40001,Bold Point Pen,Bold Point Pen,45962,75,95,1.5,5,78.75,118.125
40001,Bold Point Pen,Bold Point Pen,45992,75,95,1.5,5,78.75,118.125
40001,Bold Point Pen,Bold Point Pen,46023,75,95,1.5,5,78.75,118.125
40001,Bold Point Pen,Bold Point Pen,46054,75,95,1.5,5,78.75,118.125
40001,Bold Point Pen,Bold Point Pen,46082,75,95,1.5,5,78.75,118.125
40001,Bold Point Pen,Bold Point Pen,46113,75,95,1.5,5,78.75,118.125
40001,Bold Point Pen,Bold Point Pen,46143,75,95,1.5,5,78.75,118.125
40001,Bold Point Pen,Bold Point Pen,46174,75,95,1.5,5,78.75,118.125
40001,Bold Point Pen,Bold Point Pen,46204,75,95,1.5,5,78.75,118.125
40001,Bold Point Pen,Bold Point Pen,46235,75,95,1.5,5,78.75,118.125
40001,Bold Point Pen,Bold Point Pen,46266,75,95,1.5,5,78.75,118.125
40001,Bold Point Pen,Bold Point Pen,46296,75,95,1.5,5,78.75,118.125
40001,Bold Point Pen,Bold Point Pen,46327,75,95,1.5,5,78.75,118.125
40001,Bold Point Pen,Bold Point Pen,46357,75,95,1.5,5,78.75,118.125
10001,Spring,Fine Point Pen,45653,50,90,0.5,7,55,27.5
10001,Spring,Fine Point Pen,45684,50,90,0.5,7,55,27.5
10001,Spring,Fine Point Pen,45712,50,90,0.5,7,55,27.5
10001,Spring,Fine Point Pen,45743,50,90,0.5,7,55,27.5
10001,Spring,Fine Point Pen,45773,50,90,0.5,7,55,27.5
10001,Spring,Fine Point Pen,45804,50,90,0.5,7,55,27.5
10001,Spring,Fine Point Pen,45834,50,90,0.5,7,55,27.5
10001,Spring,Fine Point Pen,45865,50,90,0.5,7,55,27.5
10001,Spring,Fine Point Pen,45896,50,90,0.5,7,55,27.5
10001,Spring,Fine Point Pen,45926,50,90,0.5,7,55,27.5
10001,Spring,Fine Point Pen,45957,50,90,0.5,7,55,27.5
10001,Spring,Fine Point Pen,45987,50,90,0.5,7,55,27.5
10001,Spring,Fine Point Pen,46018,50,90,0.5,7,55,27.5
10001,Spring,Fine Point Pen,46049,50,90,0.5,7,55,27.5
10001,Spring,Fine Point Pen,46077,50,90,0.5,7,55,27.5
10001,Spring,Fine Point Pen,46108,50,90,0.5,7,55,27.5
10001,Spring,Fine Point Pen,46138,50,90,0.5,7,55,27.5
10001,Spring,Fine Point Pen,46169,50,90,0.5,7,55,27.5
10001,Spring,Fine Point Pen,46199,50,90,0.5,7,55,27.5
10001,Spring,Fine Point Pen,46230,50,90,0.5,7,55,27.5
10001,Spring,Fine Point Pen,46261,50,90,0.5,7,55,27.5
10001,Spring,Fine Point Pen,46291,50,90,0.5,7,55,27.5
10001,Spring,Fine Point Pen,46322,50,90,0.5,7,55,27.5
10001,Spring,Fine Point Pen,46352,50,90,0.5,7,55,27.5
10001,Spring,Medium Point Pen,45653,150,90,0.5,7,165,82.5
10001,Spring,Medium Point Pen,45684,150,90,0.5,7,165,82.5
10001,Spring,Medium Point Pen,45712,150,90,0.5,7,165,82.5
10001,Spring,Medium Point Pen,45743,150,90,0.5,7,165,82.5
10001,Spring,Medium Point Pen,45773,150,90,0.5,7,165,82.5
10001,Spring,Medium Point Pen,45804,150,90,0.5,7,165,82.5
10001,Spring,Medium Point Pen,45834,150,90,0.5,7,165,82.5
10001,Spring,Medium Point Pen,45865,150,90,0.5,7,165,82.5
10001,Spring,Medium Point Pen,45896,150,90,0.5,7,165,82.5
10001,Spring,Medium Point Pen,45926,150,90,0.5,7,165,82.5
10001,Spring,Medium Point Pen,45957,150,90,0.5,7,165,82.5
10001,Spring,Medium Point Pen,45987,150,90,0.5,7,165,82.5
10001,Spring,Medium Point Pen,46018,150,90,0.5,7,165,82.5
10001,Spring,Medium Point Pen,46049,150,90,0.5,7,165,82.5
10001,Spring,Medium Point Pen,46077,150,90,0.5,7,165,82.5
10001,Spring,Medium Point Pen,46108,150,90,0.5,7,165,82.5
10001,Spring,Medium Point Pen,46138,150,90,0.5,7,165,82.5
10001,Spring,Medium Point Pen,46169,150,90,0.5,7,165,82.5
10001,Spring,Medium Point Pen,46199,150,90,0.5,7,165,82.5
10001,Spring,Medium Point Pen,46230,150,90,0.5,7,165,82.5
10001,Spring,Medium Point Pen,46261,150,90,0.5,7,165,82.5
10001,Spring,Medium Point Pen,46291,150,90,0.5,7,165,82.5
10001,Spring,Medium Point Pen,46322,150,90,0.5,7,165,82.5
10001,Spring,Medium Point Pen,46352,150,90,0.5,7,165,82.5
10001,Spring,Bold Point Pen,45653,75,90,0.5,7,82.5,41.25
10001,Spring,Bold Point Pen,45684,75,90,0.5,7,82.5,41.25
10001,Spring,Bold Point Pen,45712,75,90,0.5,7,82.5,41.25
10001,Spring,Bold Point Pen,45743,75,90,0.5,7,82.5,41.25
10001,Spring,Bold Point Pen,45773,75,90,0.5,7,82.5,41.25
10001,Spring,Bold Point Pen,45804,75,90,0.5,7,82.5,41.25
10001,Spring,Bold Point Pen,45834,75,90,0.5,7,82.5,41.25
10001,Spring,Bold Point Pen,45865,75,90,0.5,7,82.5,41.25
10001,Spring,Bold Point Pen,45896,75,90,0.5,7,82.5,41.25
10001,Spring,Bold Point Pen,45926,75,90,0.5,7,82.5,41.25
10001,Spring,Bold Point Pen,45957,75,90,0.5,7,82.5,41.25
10001,Spring,Bold Point Pen,45987,75,90,0.5,7,82.5,41.25
10001,Spring,Bold Point Pen,46018,75,90,0.5,7,82.5,41.25
10001,Spring,Bold Point Pen,46049,75,90,0.5,7,82.5,41.25
10001,Spring,Bold Point Pen,46077,75,90,0.5,7,82.5,41.25
10001,Spring,Bold Point Pen,46108,75,90,0.5,7,82.5,41.25
10001,Spring,Bold Point Pen,46138,75,90,0.5,7,82.5,41.25
10001,Spring,Bold Point Pen,46169,75,90,0.5,7,82.5,41.25
10001,Spring,Bold Point Pen,46199,75,90,0.5,7,82.5,41.25
10001,Spring,Bold Point Pen,46230,75,90,0.5,7,82.5,41.25
10001,Spring,Bold Point Pen,46261,75,90,0.5,7,82.5,41.25
10001,Spring,Bold Point Pen,46291,75,90,0.5,7,82.5,41.25
10001,Spring,Bold Point Pen,46322,75,90,0.5,7,82.5,41.25
10001,Spring,Bold Point Pen,46352,75,90,0.5,7,82.5,41.25
10002,Clip,Fine Point Pen,45653,50,85,0.3,7,57.5,17.25
10002,Clip,Fine Point Pen,45684,50,85,0.3,7,57.5,17.25
10002,Clip,Fine Point Pen,45712,50,85,0.3,7,57.5,17.25
10002,Clip,Fine Point Pen,45743,50,85,0.3,7,57.5,17.25
10002,Clip,Fine Point Pen,45773,50,85,0.3,7,57.5,17.25
10002,Clip,Fine Point Pen,45804,50,85,0.3,7,57.5,17.25
10002,Clip,Fine Point Pen,45834,50,85,0.3,7,57.5,17.25
10002,Clip,Fine Point Pen,45865,50,85,0.3,7,57.5,17.25
10002,Clip,Fine Point Pen,45896,50,85,0.3,7,57.5,17.25
10002,Clip,Fine Point Pen,45926,50,85,0.3,7,57.5,17.25
10002,Clip,Fine Point Pen,45957,50,85,0.3,7,57.5,17.25
10002,Clip,Fine Point Pen,45987,50,85,0.3,7,57.5,17.25
10002,Clip,Fine Point Pen,46018,50,85,0.3,7,57.5,17.25
10002,Clip,Fine Point Pen,46049,50,85,0.3,7,57.5,17.25
10002,Clip,Fine Point Pen,46077,50,85,0.3,7,57.5,17.25
10002,Clip,Fine Point Pen,46108,50,85,0.3,7,57.5,17.25
10002,Clip,Fine Point Pen,46138,50,85,0.3,7,57.5,17.25
10002,Clip,Fine Point Pen,46169,50,85,0.3,7,57.5,17.25
10002,Clip,Fine Point Pen,46199,50,85,0.3,7,57.5,17.25
10002,Clip,Fine Point Pen,46230,50,85,0.3,7,57.5,17.25
10002,Clip,Fine Point Pen,46261,50,85,0.3,7,57.5,17.25
10002,Clip,Fine Point Pen,46291,50,85,0.3,7,57.5,17.25
10002,Clip,Fine Point Pen,46322,50,85,0.3,7,57.5,17.25
10002,Clip,Fine Point Pen,46352,50,85,0.3,7,57.5,17.25
10002,Clip,Medium Point Pen,45653,150,85,0.3,7,172.5,51.75
10002,Clip,Medium Point Pen,45684,150,85,0.3,7,172.5,51.75
10002,Clip,Medium Point Pen,45712,150,85,0.3,7,172.5,51.75
10002,Clip,Medium Point Pen,45743,150,85,0.3,7,172.5,51.75
10002,Clip,Medium Point Pen,45773,150,85,0.3,7,172.5,51.75
10002,Clip,Medium Point Pen,45804,150,85,0.3,7,172.5,51.75
10002,Clip,Medium Point Pen,45834,150,85,0.3,7,172.5,51.75
10002,Clip,Medium Point Pen,45865,150,85,0.3,7,172.5,51.75
10002,Clip,Medium Point Pen,45896,150,85,0.3,7,172.5,51.75
10002,Clip,Medium Point Pen,45926,150,85,0.3,7,172.5,51.75
10002,Clip,Medium Point Pen,45957,150,85,0.3,7,172.5,51.75
10002,Clip,Medium Point Pen,45987,150,85,0.3,7,172.5,51.75
10002,Clip,Medium Point Pen,46018,150,85,0.3,7,172.5,51.75
10002,Clip,Medium Point Pen,46049,150,85,0.3,7,172.5,51.75
10002,Clip,Medium Point Pen,46077,150,85,0.3,7,172.5,51.75
10002,Clip,Medium Point Pen,46108,150,85,0.3,7,172.5,51.75
10002,Clip,Medium Point Pen,46138,150,85,0.3,7,172.5,51.75
10002,Clip,Medium Point Pen,46169,150,85,0.3,7,172.5,51.75
10002,Clip,Medium Point Pen,46199,150,85,0.3,7,172.5,51.75
10002,Clip,Medium Point Pen,46230,150,85,0.3,7,172.5,51.75
10002,Clip,Medium Point Pen,46261,150,85,0.3,7,172.5,51.75
10002,Clip,Medium Point Pen,46291,150,85,0.3,7,172.5,51.75
10002,Clip,Medium Point Pen,46322,150,85,0.3,7,172.5,51.75
10002,Clip,Medium Point Pen,46352,150,85,0.3,7,172.5,51.75
10002,Clip,Bold Point Pen,45653,75,85,0.3,7,86.25,25.875
10002,Clip,Bold Point Pen,45684,75,85,0.3,7,86.25,25.875
10002,Clip,Bold Point Pen,45712,75,85,0.3,7,86.25,25.875
10002,Clip,Bold Point Pen,45743,75,85,0.3,7,86.25,25.875
10002,Clip,Bold Point Pen,45773,75,85,0.3,7,86.25,25.875
10002,Clip,Bold Point Pen,45804,75,85,0.3,7,86.25,25.875
10002,Clip,Bold Point Pen,45834,75,85,0.3,7,86.25,25.875
10002,Clip,Bold Point Pen,45865,75,85,0.3,7,86.25,25.875
10002,Clip,Bold Point Pen,45896,75,85,0.3,7,86.25,25.875
10002,Clip,Bold Point Pen,45926,75,85,0.3,7,86.25,25.875
10002,Clip,Bold Point Pen,45957,75,85,0.3,7,86.25,25.875
10002,Clip,Bold Point Pen,45987,75,85,0.3,7,86.25,25.875
10002,Clip,Bold Point Pen,46018,75,85,0.3,7,86.25,25.875
10002,Clip,Bold Point Pen,46049,75,85,0.3,7,86.25,25.875
10002,Clip,Bold Point Pen,46077,75,85,0.3,7,86.25,25.875
10002,Clip,Bold Point Pen,46108,75,85,0.3,7,86.25,25.875
10002,Clip,Bold Point Pen,46138,75,85,0.3,7,86.25,25.875
10002,Clip,Bold Point Pen,46169,75,85,0.3,7,86.25,25.875
10002,Clip,Bold Point Pen,46199,75,85,0.3,7,86.25,25.875
10002,Clip,Bold Point Pen,46230,75,85,0.3,7,86.25,25.875
10002,Clip,Bold Point Pen,46261,75,85,0.3,7,86.25,25.875
10002,Clip,Bold Point Pen,46291,75,85,0.3,7,86.25,25.875
10002,Clip,Bold Point Pen,46322,75,85,0.3,7,86.25,25.875
10002,Clip,Bold Point Pen,46352,75,85,0.3,7,86.25,25.875
10004,Tip,Fine Point Pen,45653,50,90,0.6,7,55,33
10004,Tip,Fine Point Pen,45684,50,90,0.6,7,55,33
10004,Tip,Fine Point Pen,45712,50,90,0.6,7,55,33
10004,Tip,Fine Point Pen,45743,50,90,0.6,7,55,33
10004,Tip,Fine Point Pen,45773,50,90,0.6,7,55,33
10004,Tip,Fine Point Pen,45804,50,90,0.6,7,55,33
10004,Tip,Fine Point Pen,45834,50,90,0.6,7,55,33
10004,Tip,Fine Point Pen,45865,50,90,0.6,7,55,33
10004,Tip,Fine Point Pen,45896,50,90,0.6,7,55,33
10004,Tip,Fine Point Pen,45926,50,90,0.6,7,55,33
10004,Tip,Fine Point Pen,45957,50,90,0.6,7,55,33
10004,Tip,Fine Point Pen,45987,50,90,0.6,7,55,33
10004,Tip,Fine Point Pen,46018,50,90,0.6,7,55,33
10004,Tip,Fine Point Pen,46049,50,90,0.6,7,55,33
10004,Tip,Fine Point Pen,46077,50,90,0.6,7,55,33
10004,Tip,Fine Point Pen,46108,50,90,0.6,7,55,33
10004,Tip,Fine Point Pen,46138,50,90,0.6,7,55,33
10004,Tip,Fine Point Pen,46169,50,90,0.6,7,55,33
10004,Tip,Fine Point Pen,46199,50,90,0.6,7,55,33
10004,Tip,Fine Point Pen,46230,50,90,0.6,7,55,33
10004,Tip,Fine Point Pen,46261,50,90,0.6,7,55,33
10004,Tip,Fine Point Pen,46291,50,90,0.6,7,55,33
10004,Tip,Fine Point Pen,46322,50,90,0.6,7,55,33
10004,Tip,Fine Point Pen,46352,50,90,0.6,7,55,33
10004,Tip,Medium Point Pen,45653,150,90,0.6,7,165,99
10004,Tip,Medium Point Pen,45684,150,90,0.6,7,165,99
10004,Tip,Medium Point Pen,45712,150,90,0.6,7,165,99
10004,Tip,Medium Point Pen,45743,150,90,0.6,7,165,99
10004,Tip,Medium Point Pen,45773,150,90,0.6,7,165,99
10004,Tip,Medium Point Pen,45804,150,90,0.6,7,165,99
10004,Tip,Medium Point Pen,45834,150,90,0.6,7,165,99
10004,Tip,Medium Point Pen,45865,150,90,0.6,7,165,99
10004,Tip,Medium Point Pen,45896,150,90,0.6,7,165,99
10004,Tip,Medium Point Pen,45926,150,90,0.6,7,165,99
10004,Tip,Medium Point Pen,45957,150,90,0.6,7,165,99
10004,Tip,Medium Point Pen,45987,150,90,0.6,7,165,99
10004,Tip,Medium Point Pen,46018,150,90,0.6,7,165,99
10004,Tip,Medium Point Pen,46049,150,90,0.6,7,165,99
10004,Tip,Medium Point Pen,46077,150,90,0.6,7,165,99
10004,Tip,Medium Point Pen,46108,150,90,0.6,7,165,99
10004,Tip,Medium Point Pen,46138,150,90,0.6,7,165,99
10004,Tip,Medium Point Pen,46169,150,90,0.6,7,165,99
10004,Tip,Medium Point Pen,46199,150,90,0.6,7,165,99
10004,Tip,Medium Point Pen,46230,150,90,0.6,7,165,99
10004,Tip,Medium Point Pen,46261,150,90,0.6,7,165,99
10004,Tip,Medium Point Pen,46291,150,90,0.6,7,165,99
10004,Tip,Medium Point Pen,46322,150,90,0.6,7,165,99
10004,Tip,Medium Point Pen,46352,150,90,0.6,7,165,99
10004,Tip,Bold Point Pen,45653,75,90,0.6,7,82.5,49.5
10004,Tip,Bold Point Pen,45684,75,90,0.6,7,82.5,49.5
10004,Tip,Bold Point Pen,45712,75,90,0.6,7,82.5,49.5
10004,Tip,Bold Point Pen,45743,75,90,0.6,7,82.5,49.5
10004,Tip,Bold Point Pen,45773,75,90,0.6,7,82.5,49.5
10004,Tip,Bold Point Pen,45804,75,90,0.6,7,82.5,49.5
10004,Tip,Bold Point Pen,45834,75,90,0.6,7,82.5,49.5
10004,Tip,Bold Point Pen,45865,75,90,0.6,7,82.5,49.5
10004,Tip,Bold Point Pen,45896,75,90,0.6,7,82.5,49.5
10004,Tip,Bold Point Pen,45926,75,90,0.6,7,82.5,49.5
10004,Tip,Bold Point Pen,45957,75,90,0.6,7,82.5,49.5
10004,Tip,Bold Point Pen,45987,75,90,0.6,7,82.5,49.5
10004,Tip,Bold Point Pen,46018,75,90,0.6,7,82.5,49.5
10004,Tip,Bold Point Pen,46049,75,90,0.6,7,82.5,49.5
10004,Tip,Bold Point Pen,46077,75,90,0.6,7,82.5,49.5
10004,Tip,Bold Point Pen,46108,75,90,0.6,7,82.5,49.5
10004,Tip,Bold Point Pen,46138,75,90,0.6,7,82.5,49.5
10004,Tip,Bold Point Pen,46169,75,90,0.6,7,82.5,49.5
10004,Tip,Bold Point Pen,46199,75,90,0.6,7,82.5,49.5
10004,Tip,Bold Point Pen,46230,75,90,0.6,7,82.5,49.5
10004,Tip,Bold Point Pen,46261,75,90,0.6,7,82.5,49.5
10004,Tip,Bold Point Pen,46291,75,90,0.6,7,82.5,49.5
10004,Tip,Bold Point Pen,46322,75,90,0.6,7,82.5,49.5
10004,Tip,Bold Point Pen,46352,75,90,0.6,7,82.5,49.5
10003,Thrust Device,Fine Point Pen,45653,50,85,2.5,10,57.5,143.75
10003,Thrust Device,Fine Point Pen,45684,50,85,2.5,10,57.5,143.75
10003,Thrust Device,Fine Point Pen,45712,50,85,2.5,10,57.5,143.75
10003,Thrust Device,Fine Point Pen,45743,50,85,2.5,10,57.5,143.75
10003,Thrust Device,Fine Point Pen,45773,50,85,2.5,10,57.5,143.75
10003,Thrust Device,Fine Point Pen,45804,50,85,2.5,10,57.5,143.75
10003,Thrust Device,Fine Point Pen,45834,50,85,2.5,10,57.5,143.75
10003,Thrust Device,Fine Point Pen,45865,50,85,2.5,10,57.5,143.75
10003,Thrust Device,Fine Point Pen,45896,50,85,2.5,10,57.5,143.75
10003,Thrust Device,Fine Point Pen,45926,50,85,2.5,10,57.5,143.75
10003,Thrust Device,Fine Point Pen,45957,50,85,2.5,10,57.5,143.75
10003,Thrust Device,Fine Point Pen,45987,50,85,2.5,10,57.5,143.75
10003,Thrust Device,Fine Point Pen,46018,50,85,2.5,10,57.5,143.75
10003,Thrust Device,Fine Point Pen,46049,50,85,2.5,10,57.5,143.75
10003,Thrust Device,Fine Point Pen,46077,50,85,2.5,10,57.5,143.75
10003,Thrust Device,Fine Point Pen,46108,50,85,2.5,10,57.5,143.75
10003,Thrust Device,Fine Point Pen,46138,50,85,2.5,10,57.5,143.75
10003,Thrust Device,Fine Point Pen,46169,50,85,2.5,10,57.5,143.75
10003,Thrust Device,Fine Point Pen,46199,50,85,2.5,10,57.5,143.75
10003,Thrust Device,Fine Point Pen,46230,50,85,2.5,10,57.5,143.75
10003,Thrust Device,Fine Point Pen,46261,50,85,2.5,10,57.5,143.75
10003,Thrust Device,Fine Point Pen,46291,50,85,2.5,10,57.5,143.75
10003,Thrust Device,Fine Point Pen,46322,50,85,2.5,10,57.5,143.75
10003,Thrust Device,Fine Point Pen,46352,50,85,2.5,10,57.5,143.75
10003,Thrust Device,Medium Point Pen,45653,150,85,2.5,10,172.5,431.25
10003,Thrust Device,Medium Point Pen,45684,150,85,2.5,10,172.5,431.25
10003,Thrust Device,Medium Point Pen,45712,150,85,2.5,10,172.5,431.25
10003,Thrust Device,Medium Point Pen,45743,150,85,2.5,10,172.5,431.25
10003,Thrust Device,Medium Point Pen,45773,150,85,2.5,10,172.5,431.25
10003,Thrust Device,Medium Point Pen,45804,150,85,2.5,10,172.5,431.25
10003,Thrust Device,Medium Point Pen,45834,150,85,2.5,10,172.5,431.25
10003,Thrust Device,Medium Point Pen,45865,150,85,2.5,10,172.5,431.25
10003,Thrust Device,Medium Point Pen,45896,150,85,2.5,10,172.5,431.25
10003,Thrust Device,Medium Point Pen,45926,150,85,2.5,10,172.5,431.25
10003,Thrust Device,Medium Point Pen,45957,150,85,2.5,10,172.5,431.25
10003,Thrust Device,Medium Point Pen,45987,150,85,2.5,10,172.5,431.25
10003,Thrust Device,Medium Point Pen,46018,150,85,2.5,10,172.5,431.25
10003,Thrust Device,Medium Point Pen,46049,150,85,2.5,10,172.5,431.25
10003,Thrust Device,Medium Point Pen,46077,150,85,2.5,10,172.5,431.25
10003,Thrust Device,Medium Point Pen,46108,150,85,2.5,10,172.5,431.25
10003,Thrust Device,Medium Point Pen,46138,150,85,2.5,10,172.5,431.25
10003,Thrust Device,Medium Point Pen,46169,150,85,2.5,10,172.5,431.25
10003,Thrust Device,Medium Point Pen,46199,150,85,2.5,10,172.5,431.25
10003,Thrust Device,Medium Point Pen,46230,150,85,2.5,10,172.5,431.25
10003,Thrust Device,Medium Point Pen,46261,150,85,2.5,10,172.5,431.25
10003,Thrust Device,Medium Point Pen,46291,150,85,2.5,10,172.5,431.25
10003,Thrust Device,Medium Point Pen,46322,150,85,2.5,10,172.5,431.25
10003,Thrust Device,Medium Point Pen,46352,150,85,2.5,10,172.5,431.25
10003,Thrust Device,Bold Point Pen,45653,75,85,2.5,10,86.25,215.625
10003,Thrust Device,Bold Point Pen,45684,75,85,2.5,10,86.25,215.625
10003,Thrust Device,Bold Point Pen,45712,75,85,2.5,10,86.25,215.625
10003,Thrust Device,Bold Point Pen,45743,75,85,2.5,10,86.25,215.625
10003,Thrust Device,Bold Point Pen,45773,75,85,2.5,10,86.25,215.625
10003,Thrust Device,Bold Point Pen,45804,75,85,2.5,10,86.25,215.625
10003,Thrust Device,Bold Point Pen,45834,75,85,2.5,10,86.25,215.625
10003,Thrust Device,Bold Point Pen,45865,75,85,2.5,10,86.25,215.625
10003,Thrust Device,Bold Point Pen,45896,75,85,2.5,10,86.25,215.625
10003,Thrust Device,Bold Point Pen,45926,75,85,2.5,10,86.25,215.625
10003,Thrust Device,Bold Point Pen,45957,75,85,2.5,10,86.25,215.625
10003,Thrust Device,Bold Point Pen,45987,75,85,2.5,10,86.25,215.625
10003,Thrust Device,Bold Point Pen,46018,75,85,2.5,10,86.25,215.625
10003,Thrust Device,Bold Point Pen,46049,75,85,2.5,10,86.25,215.625
10003,Thrust Device,Bold Point Pen,46077,75,85,2.5,10,86.25,215.625
10003,Thrust Device,Bold Point Pen,46108,75,85,2.5,10,86.25,215.625
10003,Thrust Device,Bold Point Pen,46138,75,85,2.5,10,86.25,215.625
10003,Thrust Device,Bold Point Pen,46169,75,85,2.5,10,86.25,215.625
10003,Thrust Device,Bold Point Pen,46199,75,85,2.5,10,86.25,215.625
10003,Thrust Device,Bold Point Pen,46230,75,85,2.5,10,86.25,215.625
10003,Thrust Device,Bold Point Pen,46261,75,85,2.5,10,86.25,215.625
10003,Thrust Device,Bold Point Pen,46291,75,85,2.5,10,86.25,215.625
10003,Thrust Device,Bold Point Pen,46322,75,85,2.5,10,86.25,215.625
10003,Thrust Device,Bold Point Pen,46352,75,85,2.5,10,86.25,215.625
10006,Metal Ring,Fine Point Pen,45653,100,100,0.3,3,100,30
10006,Metal Ring,Fine Point Pen,45684,100,100,0.3,3,100,30
10006,Metal Ring,Fine Point Pen,45712,100,100,0.3,3,100,30
10006,Metal Ring,Fine Point Pen,45743,100,100,0.3,3,100,30
10006,Metal Ring,Fine Point Pen,45773,100,100,0.3,3,100,30
10006,Metal Ring,Fine Point Pen,45804,100,100,0.3,3,100,30
10006,Metal Ring,Fine Point Pen,45834,100,100,0.3,3,100,30
10006,Metal Ring,Fine Point Pen,45865,100,100,0.3,3,100,30
10006,Metal Ring,Fine Point Pen,45896,100,100,0.3,3,100,30
10006,Metal Ring,Fine Point Pen,45926,100,100,0.3,3,100,30
10006,Metal Ring,Fine Point Pen,45957,100,100,0.3,3,100,30
10006,Metal Ring,Fine Point Pen,45987,100,100,0.3,3,100,30
10006,Metal Ring,Fine Point Pen,46018,100,100,0.3,3,100,30
10006,Metal Ring,Fine Point Pen,46049,100,100,0.3,3,100,30
10006,Metal Ring,Fine Point Pen,46077,100,100,0.3,3,100,30
10006,Metal Ring,Fine Point Pen,46108,100,100,0.3,3,100,30
10006,Metal Ring,Fine Point Pen,46138,100,100,0.3,3,100,30
10006,Metal Ring,Fine Point Pen,46169,100,100,0.3,3,100,30
10006,Metal Ring,Fine Point Pen,46199,100,100,0.3,3,100,30
10006,Metal Ring,Fine Point Pen,46230,100,100,0.3,3,100,30
10006,Metal Ring,Fine Point Pen,46261,100,100,0.3,3,100,30
10006,Metal Ring,Fine Point Pen,46291,100,100,0.3,3,100,30
10006,Metal Ring,Fine Point Pen,46322,100,100,0.3,3,100,30
10006,Metal Ring,Fine Point Pen,46352,100,100,0.3,3,100,30
10006,Metal Ring,Medium Point Pen,45653,300,100,0.3,3,300,90
10006,Metal Ring,Medium Point Pen,45684,300,100,0.3,3,300,90
10006,Metal Ring,Medium Point Pen,45712,300,100,0.3,3,300,90
10006,Metal Ring,Medium Point Pen,45743,300,100,0.3,3,300,90
10006,Metal Ring,Medium Point Pen,45773,300,100,0.3,3,300,90
10006,Metal Ring,Medium Point Pen,45804,300,100,0.3,3,300,90
10006,Metal Ring,Medium Point Pen,45834,300,100,0.3,3,300,90
10006,Metal Ring,Medium Point Pen,45865,300,100,0.3,3,300,90
10006,Metal Ring,Medium Point Pen,45896,300,100,0.3,3,300,90
10006,Metal Ring,Medium Point Pen,45926,300,100,0.3,3,300,90
10006,Metal Ring,Medium Point Pen,45957,300,100,0.3,3,300,90
10006,Metal Ring,Medium Point Pen,45987,300,100,0.3,3,300,90
10006,Metal Ring,Medium Point Pen,46018,300,100,0.3,3,300,90
10006,Metal Ring,Medium Point Pen,46049,300,100,0.3,3,300,90
10006,Metal Ring,Medium Point Pen,46077,300,100,0.3,3,300,90
10006,Metal Ring,Medium Point Pen,46108,300,100,0.3,3,300,90
10006,Metal Ring,Medium Point Pen,46138,300,100,0.3,3,300,90
10006,Metal Ring,Medium Point Pen,46169,300,100,0.3,3,300,90
10006,Metal Ring,Medium Point Pen,46199,300,100,0.3,3,300,90
10006,Metal Ring,Medium Point Pen,46230,300,100,0.3,3,300,90
10006,Metal Ring,Medium Point Pen,46261,300,100,0.3,3,300,90
10006,Metal Ring,Medium Point Pen,46291,300,100,0.3,3,300,90
10006,Metal Ring,Medium Point Pen,46322,300,100,0.3,3,300,90
10006,Metal Ring,Medium Point Pen,46352,300,100,0.3,3,300,90
10006,Metal Ring,Bold Point Pen,45653,150,100,0.3,3,150,45
10006,Metal Ring,Bold Point Pen,45684,150,100,0.3,3,150,45
10006,Metal Ring,Bold Point Pen,45712,150,100,0.3,3,150,45
10006,Metal Ring,Bold Point Pen,45743,150,100,0.3,3,150,45
10006,Metal Ring,Bold Point Pen,45773,150,100,0.3,3,150,45
10006,Metal Ring,Bold Point Pen,45804,150,100,0.3,3,150,45
10006,Metal Ring,Bold Point Pen,45834,150,100,0.3,3,150,45
10006,Metal Ring,Bold Point Pen,45865,150,100,0.3,3,150,45
10006,Metal Ring,Bold Point Pen,45896,150,100,0.3,3,150,45
10006,Metal Ring,Bold Point Pen,45926,150,100,0.3,3,150,45
10006,Metal Ring,Bold Point Pen,45957,150,100,0.3,3,150,45
10006,Metal Ring,Bold Point Pen,45987,150,100,0.3,3,150,45
10006,Metal Ring,Bold Point Pen,46018,150,100,0.3,3,150,45
10006,Metal Ring,Bold Point Pen,46049,150,100,0.3,3,150,45
10006,Metal Ring,Bold Point Pen,46077,150,100,0.3,3,150,45
10006,Metal Ring,Bold Point Pen,46108,150,100,0.3,3,150,45
10006,Metal Ring,Bold Point Pen,46138,150,100,0.3,3,150,45
10006,Metal Ring,Bold Point Pen,46169,150,100,0.3,3,150,45
10006,Metal Ring,Bold Point Pen,46199,150,100,0.3,3,150,45
10006,Metal Ring,Bold Point Pen,46230,150,100,0.3,3,150,45
10006,Metal Ring,Bold Point Pen,46261,150,100,0.3,3,150,45
10006,Metal Ring,Bold Point Pen,46291,150,100,0.3,3,150,45
10006,Metal Ring,Bold Point Pen,46322,150,100,0.3,3,150,45
10006,Metal Ring,Bold Point Pen,46352,150,100,0.3,3,150,45
20002,Fine Ballpoint Tip,Fine Point Pen,45653,50,90,0.75,6,55,41.25
20002,Fine Ballpoint Tip,Fine Point Pen,45684,50,90,0.75,6,55,41.25
20002,Fine Ballpoint Tip,Fine Point Pen,45712,50,90,0.75,6,55,41.25
20002,Fine Ballpoint Tip,Fine Point Pen,45743,50,90,0.75,6,55,41.25
20002,Fine Ballpoint Tip,Fine Point Pen,45773,50,90,0.75,6,55,41.25
20002,Fine Ballpoint Tip,Fine Point Pen,45804,50,90,0.75,6,55,41.25
20002,Fine Ballpoint Tip,Fine Point Pen,45834,50,90,0.75,6,55,41.25
20002,Fine Ballpoint Tip,Fine Point Pen,45865,50,90,0.75,6,55,41.25
20002,Fine Ballpoint Tip,Fine Point Pen,45896,50,90,0.75,6,55,41.25
20002,Fine Ballpoint Tip,Fine Point Pen,45926,50,90,0.75,6,55,41.25
20002,Fine Ballpoint Tip,Fine Point Pen,45957,50,90,0.75,6,55,41.25
20002,Fine Ballpoint Tip,Fine Point Pen,45987,50,90,0.75,6,55,41.25
20002,Fine Ballpoint Tip,Fine Point Pen,46018,50,90,0.75,6,55,41.25
20002,Fine Ballpoint Tip,Fine Point Pen,46049,50,90,0.75,6,55,41.25
20002,Fine Ballpoint Tip,Fine Point Pen,46077,50,90,0.75,6,55,41.25
20002,Fine Ballpoint Tip,Fine Point Pen,46108,50,90,0.75,6,55,41.25
20002,Fine Ballpoint Tip,Fine Point Pen,46138,50,90,0.75,6,55,41.25
20002,Fine Ballpoint Tip,Fine Point Pen,46169,50,90,0.75,6,55,41.25
20002,Fine Ballpoint Tip,Fine Point Pen,46199,50,90,0.75,6,55,41.25
20002,Fine Ballpoint Tip,Fine Point Pen,46230,50,90,0.75,6,55,41.25
20002,Fine Ballpoint Tip,Fine Point Pen,46261,50,90,0.75,6,55,41.25
20002,Fine Ballpoint Tip,Fine Point Pen,46291,50,90,0.75,6,55,41.25
20002,Fine Ballpoint Tip,Fine Point Pen,46322,50,90,0.75,6,55,41.25
20002,Fine Ballpoint Tip,Fine Point Pen,46352,50,90,0.75,6,55,41.25
30002,Medium Ballpoint Tip,Medium Point Pen,45653,50,90,0.9,6,55,49.5
30002,Medium Ballpoint Tip,Medium Point Pen,45684,50,90,0.9,6,55,49.5
30002,Medium Ballpoint Tip,Medium Point Pen,45712,50,90,0.9,6,55,49.5
30002,Medium Ballpoint Tip,Medium Point Pen,45743,50,90,0.9,6,55,49.5
30002,Medium Ballpoint Tip,Medium Point Pen,45773,50,90,0.9,6,55,49.5
30002,Medium Ballpoint Tip,Medium Point Pen,45804,50,90,0.9,6,55,49.5
30002,Medium Ballpoint Tip,Medium Point Pen,45834,50,90,0.9,6,55,49.5
30002,Medium Ballpoint Tip,Medium Point Pen,45865,50,90,0.9,6,55,49.5
30002,Medium Ballpoint Tip,Medium Point Pen,45896,50,90,0.9,6,55,49.5
30002,Medium Ballpoint Tip,Medium Point Pen,45926,50,90,0.9,6,55,49.5
30002,Medium Ballpoint Tip,Medium Point Pen,45957,50,90,0.9,6,55,49.5
30002,Medium Ballpoint Tip,Medium Point Pen,45987,50,90,0.9,6,55,49.5
30002,Medium Ballpoint Tip,Medium Point Pen,46018,50,90,0.9,6,55,49.5
30002,Medium Ballpoint Tip,Medium Point Pen,46049,50,90,0.9,6,55,49.5
30002,Medium Ballpoint Tip,Medium Point Pen,46077,50,90,0.9,6,55,49.5
30002,Medium Ballpoint Tip,Medium Point Pen,46108,50,90,0.9,6,55,49.5
30002,Medium Ballpoint Tip,Medium Point Pen,46138,50,90,0.9,6,55,49.5
30002,Medium Ballpoint Tip,Medium Point Pen,46169,50,90,0.9,6,55,49.5
30002,Medium Ballpoint Tip,Medium Point Pen,46199,50,90,0.9,6,55,49.5
30002,Medium Ballpoint Tip,Medium Point Pen,46230,50,90,0.9,6,55,49.5
30002,Medium Ballpoint Tip,Medium Point Pen,46261,50,90,0.9,6,55,49.5
30002,Medium Ballpoint Tip,Medium Point Pen,46291,50,90,0.9,6,55,49.5
30002,Medium Ballpoint Tip,Medium Point Pen,46322,50,90,0.9,6,55,49.5
30002,Medium Ballpoint Tip,Medium Point Pen,46352,50,90,0.9,6,55,49.5
40002,Bold Ballpoint Tip,Bold Point Pen,45653,50,90,1.2,6,55,66
40002,Bold Ballpoint Tip,Bold Point Pen,45684,50,90,1.2,6,55,66
40002,Bold Ballpoint Tip,Bold Point Pen,45712,50,90,1.2,6,55,66
40002,Bold Ballpoint Tip,Bold Point Pen,45743,50,90,1.2,6,55,66
40002,Bold Ballpoint Tip,Bold Point Pen,45773,50,90,1.2,6,55,66
40002,Bold Ballpoint Tip,Bold Point Pen,45804,50,90,1.2,6,55,66
40002,Bold Ballpoint Tip,Bold Point Pen,45834,50,90,1.2,6,55,66
40002,Bold Ballpoint Tip,Bold Point Pen,45865,50,90,1.2,6,55,66
40002,Bold Ballpoint Tip,Bold Point Pen,45896,50,90,1.2,6,55,66
40002,Bold Ballpoint Tip,Bold Point Pen,45926,50,90,1.2,6,55,66
40002,Bold Ballpoint Tip,Bold Point Pen,45957,50,90,1.2,6,55,66
40002,Bold Ballpoint Tip,Bold Point Pen,45987,50,90,1.2,6,55,66
40002,Bold Ballpoint Tip,Bold Point Pen,46018,50,90,1.2,6,55,66
40002,Bold Ballpoint Tip,Bold Point Pen,46049,50,90,1.2,6,55,66
40002,Bold Ballpoint Tip,Bold Point Pen,46077,50,90,1.2,6,55,66
40002,Bold Ballpoint Tip,Bold Point Pen,46108,50,90,1.2,6,55,66
40002,Bold Ballpoint Tip,Bold Point Pen,46138,50,90,1.2,6,55,66
40002,Bold Ballpoint Tip,Bold Point Pen,46169,50,90,1.2,6,55,66
40002,Bold Ballpoint Tip,Bold Point Pen,46199,50,90,1.2,6,55,66
40002,Bold Ballpoint Tip,Bold Point Pen,46230,50,90,1.2,6,55,66
40002,Bold Ballpoint Tip,Bold Point Pen,46261,50,90,1.2,6,55,66
40002,Bold Ballpoint Tip,Bold Point Pen,46291,50,90,1.2,6,55,66
40002,Bold Ballpoint Tip,Bold Point Pen,46322,50,90,1.2,6,55,66
40002,Bold Ballpoint Tip,Bold Point Pen,46352,50,90,1.2,6,55,66
20003,Fine Ballpoint Cartridge,Fine Point Pen,45647,50,90,0.75,6,55,41.25
20003,Fine Ballpoint Cartridge,Fine Point Pen,45678,50,90,0.75,6,55,41.25
20003,Fine Ballpoint Cartridge,Fine Point Pen,45706,50,90,0.75,6,55,41.25
20003,Fine Ballpoint Cartridge,Fine Point Pen,45737,50,90,0.75,6,55,41.25
20003,Fine Ballpoint Cartridge,Fine Point Pen,45767,50,90,0.75,6,55,41.25
20003,Fine Ballpoint Cartridge,Fine Point Pen,45798,50,90,0.75,6,55,41.25
20003,Fine Ballpoint Cartridge,Fine Point Pen,45828,50,90,0.75,6,55,41.25
20003,Fine Ballpoint Cartridge,Fine Point Pen,45859,50,90,0.75,6,55,41.25
20003,Fine Ballpoint Cartridge,Fine Point Pen,45890,50,90,0.75,6,55,41.25
20003,Fine Ballpoint Cartridge,Fine Point Pen,45920,50,90,0.75,6,55,41.25
20003,Fine Ballpoint Cartridge,Fine Point Pen,45951,50,90,0.75,6,55,41.25
20003,Fine Ballpoint Cartridge,Fine Point Pen,45981,50,90,0.75,6,55,41.25
20003,Fine Ballpoint Cartridge,Fine Point Pen,46012,50,90,0.75,6,55,41.25
20003,Fine Ballpoint Cartridge,Fine Point Pen,46043,50,90,0.75,6,55,41.25
20003,Fine Ballpoint Cartridge,Fine Point Pen,46071,50,90,0.75,6,55,41.25
20003,Fine Ballpoint Cartridge,Fine Point Pen,46102,50,90,0.75,6,55,41.25
20003,Fine Ballpoint Cartridge,Fine Point Pen,46132,50,90,0.75,6,55,41.25
20003,Fine Ballpoint Cartridge,Fine Point Pen,46163,50,90,0.75,6,55,41.25
20003,Fine Ballpoint Cartridge,Fine Point Pen,46193,50,90,0.75,6,55,41.25
20003,Fine Ballpoint Cartridge,Fine Point Pen,46224,50,90,0.75,6,55,41.25
20003,Fine Ballpoint Cartridge,Fine Point Pen,46255,50,90,0.75,6,55,41.25
20003,Fine Ballpoint Cartridge,Fine Point Pen,46285,50,90,0.75,6,55,41.25
20003,Fine Ballpoint Cartridge,Fine Point Pen,46316,50,90,0.75,6,55,41.25
20003,Fine Ballpoint Cartridge,Fine Point Pen,46346,50,90,0.75,6,55,41.25
30003,Medium Ballpoint Cartridge,Medium Point Pen,45647,150,90,0.9,6,165,148.5
30003,Medium Ballpoint Cartridge,Medium Point Pen,45678,150,90,0.9,6,165,148.5
30003,Medium Ballpoint Cartridge,Medium Point Pen,45706,150,90,0.9,6,165,148.5
30003,Medium Ballpoint Cartridge,Medium Point Pen,45737,150,90,0.9,6,165,148.5
30003,Medium Ballpoint Cartridge,Medium Point Pen,45767,150,90,0.9,6,165,148.5
30003,Medium Ballpoint Cartridge,Medium Point Pen,45798,150,90,0.9,6,165,148.5
30003,Medium Ballpoint Cartridge,Medium Point Pen,45828,150,90,0.9,6,165,148.5
30003,Medium Ballpoint Cartridge,Medium Point Pen,45859,150,90,0.9,6,165,148.5
30003,Medium Ballpoint Cartridge,Medium Point Pen,45890,150,90,0.9,6,165,148.5
30003,Medium Ballpoint Cartridge,Medium Point Pen,45920,150,90,0.9,6,165,148.5
30003,Medium Ballpoint Cartridge,Medium Point Pen,45951,150,90,0.9,6,165,148.5
30003,Medium Ballpoint Cartridge,Medium Point Pen,45981,150,90,0.9,6,165,148.5
30003,Medium Ballpoint Cartridge,Medium Point Pen,46012,150,90,0.9,6,165,148.5
30003,Medium Ballpoint Cartridge,Medium Point Pen,46043,150,90,0.9,6,165,148.5
30003,Medium Ballpoint Cartridge,Medium Point Pen,46071,150,90,0.9,6,165,148.5
30003,Medium Ballpoint Cartridge,Medium Point Pen,46102,150,90,0.9,6,165,148.5
30003,Medium Ballpoint Cartridge,Medium Point Pen,46132,150,90,0.9,6,165,148.5
30003,Medium Ballpoint Cartridge,Medium Point Pen,46163,150,90,0.9,6,165,148.5
30003,Medium Ballpoint Cartridge,Medium Point Pen,46193,150,90,0.9,6,165,148.5
30003,Medium Ballpoint Cartridge,Medium Point Pen,46224,150,90,0.9,6,165,148.5
30003,Medium Ballpoint Cartridge,Medium Point Pen,46255,150,90,0.9,6,165,148.5
30003,Medium Ballpoint Cartridge,Medium Point Pen,46285,150,90,0.9,6,165,148.5
30003,Medium Ballpoint Cartridge,Medium Point Pen,46316,150,90,0.9,6,165,148.5
30003,Medium Ballpoint Cartridge,Medium Point Pen,46346,150,90,0.9,6,165,148.5
40003,Bold Ballpoint Cartridge,Bold Point Pen,45647,75,90,1.2,6,82.5,99
40003,Bold Ballpoint Cartridge,Bold Point Pen,45678,75,90,1.2,6,82.5,99
40003,Bold Ballpoint Cartridge,Bold Point Pen,45706,75,90,1.2,6,82.5,99
40003,Bold Ballpoint Cartridge,Bold Point Pen,45737,75,90,1.2,6,82.5,99
40003,Bold Ballpoint Cartridge,Bold Point Pen,45767,75,90,1.2,6,82.5,99
40003,Bold Ballpoint Cartridge,Bold Point Pen,45798,75,90,1.2,6,82.5,99
40003,Bold Ballpoint Cartridge,Bold Point Pen,45828,75,90,1.2,6,82.5,99
40003,Bold Ballpoint Cartridge,Bold Point Pen,45859,75,90,1.2,6,82.5,99
40003,Bold Ballpoint Cartridge,Bold Point Pen,45890,75,90,1.2,6,82.5,99
40003,Bold Ballpoint Cartridge,Bold Point Pen,45920,75,90,1.2,6,82.5,99
40003,Bold Ballpoint Cartridge,Bold Point Pen,45951,75,90,1.2,6,82.5,99
40003,Bold Ballpoint Cartridge,Bold Point Pen,45981,75,90,1.2,6,82.5,99
40003,Bold Ballpoint Cartridge,Bold Point Pen,46012,75,90,1.2,6,82.5,99
40003,Bold Ballpoint Cartridge,Bold Point Pen,46043,75,90,1.2,6,82.5,99
40003,Bold Ballpoint Cartridge,Bold Point Pen,46071,75,90,1.2,6,82.5,99
40003,Bold Ballpoint Cartridge,Bold Point Pen,46102,75,90,1.2,6,82.5,99
40003,Bold Ballpoint Cartridge,Bold Point Pen,46132,75,90,1.2,6,82.5,99
40003,Bold Ballpoint Cartridge,Bold Point Pen,46163,75,90,1.2,6,82.5,99
40003,Bold Ballpoint Cartridge,Bold Point Pen,46193,75,90,1.2,6,82.5,99
40003,Bold Ballpoint Cartridge,Bold Point Pen,46224,75,90,1.2,6,82.5,99
40003,Bold Ballpoint Cartridge,Bold Point Pen,46255,75,90,1.2,6,82.5,99
40003,Bold Ballpoint Cartridge,Bold Point Pen,46285,75,90,1.2,6,82.5,99
40003,Bold Ballpoint Cartridge,Bold Point Pen,46316,75,90,1.2,6,82.5,99
40003,Bold Ballpoint Cartridge,Bold Point Pen,46346,75,90,1.2,6,82.5,99
10005,Ink Chamber,Fine Point Pen,45647,50,85,1.8,10,57.5,103.5
10005,Ink Chamber,Fine Point Pen,45678,50,85,1.8,10,57.5,103.5
10005,Ink Chamber,Fine Point Pen,45706,50,85,1.8,10,57.5,103.5
10005,Ink Chamber,Fine Point Pen,45737,50,85,1.8,10,57.5,103.5
10005,Ink Chamber,Fine Point Pen,45767,50,85,1.8,10,57.5,103.5
10005,Ink Chamber,Fine Point Pen,45798,50,85,1.8,10,57.5,103.5
10005,Ink Chamber,Fine Point Pen,45828,50,85,1.8,10,57.5,103.5
10005,Ink Chamber,Fine Point Pen,45859,50,85,1.8,10,57.5,103.5
10005,Ink Chamber,Fine Point Pen,45890,50,85,1.8,10,57.5,103.5
10005,Ink Chamber,Fine Point Pen,45920,50,85,1.8,10,57.5,103.5
10005,Ink Chamber,Fine Point Pen,45951,50,85,1.8,10,57.5,103.5
10005,Ink Chamber,Fine Point Pen,45981,50,85,1.8,10,57.5,103.5
10005,Ink Chamber,Fine Point Pen,46012,50,85,1.8,10,57.5,103.5
10005,Ink Chamber,Fine Point Pen,46043,50,85,1.8,10,57.5,103.5
10005,Ink Chamber,Fine Point Pen,46071,50,85,1.8,10,57.5,103.5
10005,Ink Chamber,Fine Point Pen,46102,50,85,1.8,10,57.5,103.5
10005,Ink Chamber,Fine Point Pen,46132,50,85,1.8,10,57.5,103.5
10005,Ink Chamber,Fine Point Pen,46163,50,85,1.8,10,57.5,103.5
10005,Ink Chamber,Fine Point Pen,46193,50,85,1.8,10,57.5,103.5
10005,Ink Chamber,Fine Point Pen,46224,50,85,1.8,10,57.5,103.5
10005,Ink Chamber,Fine Point Pen,46255,50,85,1.8,10,57.5,103.5
10005,Ink Chamber,Fine Point Pen,46285,50,85,1.8,10,57.5,103.5
10005,Ink Chamber,Fine Point Pen,46316,50,85,1.8,10,57.5,103.5
10005,Ink Chamber,Fine Point Pen,46346,50,85,1.8,10,57.5,103.5
10005,Ink Chamber,Medium Point Pen,45647,150,85,1.8,10,172.5,310.5
10005,Ink Chamber,Medium Point Pen,45678,150,85,1.8,10,172.5,310.5
10005,Ink Chamber,Medium Point Pen,45706,150,85,1.8,10,172.5,310.5
10005,Ink Chamber,Medium Point Pen,45737,150,85,1.8,10,172.5,310.5
10005,Ink Chamber,Medium Point Pen,45767,150,85,1.8,10,172.5,310.5
10005,Ink Chamber,Medium Point Pen,45798,150,85,1.8,10,172.5,310.5
10005,Ink Chamber,Medium Point Pen,45828,150,85,1.8,10,172.5,310.5
10005,Ink Chamber,Medium Point Pen,45859,150,85,1.8,10,172.5,310.5
10005,Ink Chamber,Medium Point Pen,45890,150,85,1.8,10,172.5,310.5
10005,Ink Chamber,Medium Point Pen,45920,150,85,1.8,10,172.5,310.5
10005,Ink Chamber,Medium Point Pen,45951,150,85,1.8,10,172.5,310.5
10005,Ink Chamber,Medium Point Pen,45981,150,85,1.8,10,172.5,310.5
10005,Ink Chamber,Medium Point Pen,46012,150,85,1.8,10,172.5,310.5
10005,Ink Chamber,Medium Point Pen,46043,150,85,1.8,10,172.5,310.5
10005,Ink Chamber,Medium Point Pen,46071,150,85,1.8,10,172.5,310.5
10005,Ink Chamber,Medium Point Pen,46102,150,85,1.8,10,172.5,310.5
10005,Ink Chamber,Medium Point Pen,46132,150,85,1.8,10,172.5,310.5
10005,Ink Chamber,Medium Point Pen,46163,150,85,1.8,10,172.5,310.5
10005,Ink Chamber,Medium Point Pen,46193,150,85,1.8,10,172.5,310.5
10005,Ink Chamber,Medium Point Pen,46224,150,85,1.8,10,172.5,310.5
10005,Ink Chamber,Medium Point Pen,46255,150,85,1.8,10,172.5,310.5
10005,Ink Chamber,Medium Point Pen,46285,150,85,1.8,10,172.5,310.5
10005,Ink Chamber,Medium Point Pen,46316,150,85,1.8,10,172.5,310.5
10005,Ink Chamber,Medium Point Pen,46346,150,85,1.8,10,172.5,310.5
10005,Ink Chamber,Bold Point Pen,45647,75,85,1.8,10,86.25,155.25
10005,Ink Chamber,Bold Point Pen,45678,75,85,1.8,10,86.25,155.25
10005,Ink Chamber,Bold Point Pen,45706,75,85,1.8,10,86.25,155.25
10005,Ink Chamber,Bold Point Pen,45737,75,85,1.8,10,86.25,155.25
10005,Ink Chamber,Bold Point Pen,45767,75,85,1.8,10,86.25,155.25
10005,Ink Chamber,Bold Point Pen,45798,75,85,1.8,10,86.25,155.25
10005,Ink Chamber,Bold Point Pen,45828,75,85,1.8,10,86.25,155.25
10005,Ink Chamber,Bold Point Pen,45859,75,85,1.8,10,86.25,155.25
10005,Ink Chamber,Bold Point Pen,45890,75,85,1.8,10,86.25,155.25
10005,Ink Chamber,Bold Point Pen,45920,75,85,1.8,10,86.25,155.25
10005,Ink Chamber,Bold Point Pen,45951,75,85,1.8,10,86.25,155.25
10005,Ink Chamber,Bold Point Pen,45981,75,85,1.8,10,86.25,155.25
10005,Ink Chamber,Bold Point Pen,46012,75,85,1.8,10,86.25,155.25
10005,Ink Chamber,Bold Point Pen,46043,75,85,1.8,10,86.25,155.25
10005,Ink Chamber,Bold Point Pen,46071,75,85,1.8,10,86.25,155.25
10005,Ink Chamber,Bold Point Pen,46102,75,85,1.8,10,86.25,155.25
10005,Ink Chamber,Bold Point Pen,46132,75,85,1.8,10,86.25,155.25
10005,Ink Chamber,Bold Point Pen,46163,75,85,1.8,10,86.25,155.25
10005,Ink Chamber,Bold Point Pen,46193,75,85,1.8,10,86.25,155.25
10005,Ink Chamber,Bold Point Pen,46224,75,85,1.8,10,86.25,155.25
10005,Ink Chamber,Bold Point Pen,46255,75,85,1.8,10,86.25,155.25
10005,Ink Chamber,Bold Point Pen,46285,75,85,1.8,10,86.25,155.25
10005,Ink Chamber,Bold Point Pen,46316,75,85,1.8,10,86.25,155.25
10005,Ink Chamber,Bold Point Pen,46346,75,85,1.8,10,86.25,155.25
